{"MAE": 0.0174377945968465, "RMSE": 0.022018918495332607, "weights": [0.005135286947985205, 0.31044859452568063, 0.3014724852427612, 0.30893813934960856, 0.07586223451276682, -0.0012740712582682949]}