{
    "12h": {
        "RandomForest": {
            "MAE": 3.772649677738221,
            "RMSE": 5.344893323831339,
            "Confidence Interval": [
                496.28647362917474,
                549.3038767151755
            ]
        },
        "XGBoost": {
            "MAE": 3.8311268259478317,
            "RMSE": 4.9087706399128885,
            "Confidence Interval": [
                495.19051418304446,
                549.6053842544555
            ]
        },
        "GradientBoosting": {
            "MAE": 3.4618777371193103,
            "RMSE": 4.574323619552638,
            "Confidence Interval": [
                495.73975129885184,
                549.7037601869196
            ]
        },
        "LSTM": {
            "Confidence Interval": [
                94.03271698951721,
                99.40983366966248
            ]
        },
        "Stacked Model": {
            "MAE": 40.36780966016981,
            "RMSE": 51.28456067886617,
            "Confidence Interval": [
                497.1023738293657,
                548.07080110926
            ],
            "Weights": [
                1.0,
                0.0,
                0.0,
                0.0
            ]
        }
    },
    "24h": {
        "RandomForest": {
            "MAE": 4.641060584663034,
            "RMSE": 6.193170132997278,
            "Confidence Interval": [
                500.57352587146,
                549.6201766860779
            ]
        },
        "XGBoost": {
            "MAE": 4.783050198025174,
            "RMSE": 6.892404917260085,
            "Confidence Interval": [
                499.927317237854,
                549.5864278793335
            ]
        },
        "GradientBoosting": {
            "MAE": 4.787638100189911,
            "RMSE": 7.177506340098725,
            "Confidence Interval": [
                499.852306432775,
                549.8392650289682
            ]
        },
        "LSTM": {
            "Confidence Interval": [
                85.63808929920197,
                94.12591826915741
            ]
        },
        "Stacked Model": {
            "MAE": 35.889287533967156,
            "RMSE": 43.91639848192373,
            "Confidence Interval": [
                497.4603181825448,
                546.0916983659456
            ],
            "Weights": [
                1.9793446082211308e-15,
                1.0,
                0.0,
                0.0
            ]
        }
    },
    "36h": {
        "RandomForest": {
            "MAE": 4.0664502276594225,
            "RMSE": 5.5656081004540265,
            "Confidence Interval": [
                504.4081059294982,
                551.2551503386245
            ]
        },
        "XGBoost": {
            "MAE": 4.370441720145089,
            "RMSE": 5.87794867625851,
            "Confidence Interval": [
                503.3583702087402,
                551.7980751037597
            ]
        },
        "GradientBoosting": {
            "MAE": 4.076253158890114,
            "RMSE": 5.685367076603384,
            "Confidence Interval": [
                503.8276889755225,
                551.4707712056648
            ]
        },
        "LSTM": {
            "Confidence Interval": [
                69.28293836116791,
                73.46846544742584
            ]
        },
        "Stacked Model": {
            "MAE": 34.482631401293226,
            "RMSE": 43.17403657645122,
            "Confidence Interval": [
                503.29618776306444,
                549.1337382456801
            ],
            "Weights": [
                0.9999999999999973,
                1.1102230246251565e-15,
                1.4155343563970746e-15,
                1.249000902703301e-16
            ]
        }
    },
    "48h": {
        "RandomForest": {
            "MAE": 3.6171420900364155,
            "RMSE": 4.766552574984265,
            "Confidence Interval": [
                511.9388226190243,
                554.8658840195817
            ]
        },
        "XGBoost": {
            "MAE": 3.94766389095422,
            "RMSE": 5.631480511658801,
            "Confidence Interval": [
                511.0954921722412,
                555.2754062652588
            ]
        },
        "GradientBoosting": {
            "MAE": 3.492654849751987,
            "RMSE": 4.626434226372626,
            "Confidence Interval": [
                511.2548259747232,
                555.4579578420364
            ]
        },
        "LSTM": {
            "Confidence Interval": [
                95.14516401290894,
                100.81555986404419
            ]
        },
        "Stacked Model": {
            "MAE": 36.0868477946956,
            "RMSE": 42.85902045507621,
            "Confidence Interval": [
                508.7371029349953,
                553.7129201541587
            ],
            "Weights": [
                1.0,
                0.0,
                9.159339953157541e-16,
                1.3877787807814457e-17
            ]
        }
    },
    "72h": {
        "RandomForest": {
            "MAE": 3.4483229688071253,
            "RMSE": 4.536420355464402,
            "Confidence Interval": [
                520.2362225793687,
                558.4253067313871
            ]
        },
        "XGBoost": {
            "MAE": 3.7951156691377386,
            "RMSE": 4.9802302259463,
            "Confidence Interval": [
                519.6317806243896,
                558.5317935943604
            ]
        },
        "GradientBoosting": {
            "MAE": 3.819318114775424,
            "RMSE": 4.979313672645759,
            "Confidence Interval": [
                520.31574520334,
                559.2807993889481
            ]
        },
        "LSTM": {
            "Confidence Interval": [
                87.42961159348488,
                90.35327109694481
            ]
        },
        "Stacked Model": {
            "MAE": 30.26297942985535,
            "RMSE": 39.23240178699285,
            "Confidence Interval": [
                510.5743972208174,
                547.080664945788
            ],
            "Weights": [
                2.1400740628358386e-18,
                0.9708684599309155,
                1.016278679180874e-17,
                0.029131540069085027
            ]
        }
    },
    "96h": {
        "RandomForest": {
            "MAE": 4.102087646823461,
            "RMSE": 5.602603667719243,
            "Confidence Interval": [
                527.2274140312821,
                561.631645474333
            ]
        },
        "XGBoost": {
            "MAE": 4.362084645589193,
            "RMSE": 5.905596515000347,
            "Confidence Interval": [
                525.7761874198914,
                561.3114102363586
            ]
        },
        "GradientBoosting": {
            "MAE": 4.2256926281399405,
            "RMSE": 5.741196070254406,
            "Confidence Interval": [
                526.9483772489705,
                562.3425871541705
            ]
        },
        "LSTM": {
            "Confidence Interval": [
                52.100897431373596,
                54.11715829372406
            ]
        },
        "Stacked Model": {
            "MAE": 25.704882621764924,
            "RMSE": 33.58558654040759,
            "Confidence Interval": [
                529.3496499993469,
                562.6295713446573
            ],
            "Weights": [
                0.0,
                0.9999999999999942,
                1.4801528058772107e-14,
                6.158268339717665e-17
            ]
        }
    }
}