Model,MAE,RMSE
RandomForest,0.3588213446585598,0.7348952856175623
XGBoost,0.3049888341059273,0.6453688163999746
GradientBoosting,0.2648492873236703,0.5879539939978685
